{
  "accuracy": 0.72525,
  "precision_macro": 0.728561852682361,
  "recall_macro": 0.7252427957331635,
  "f1_macro": 0.7258323749187484,
  "roc_auc": 0.934610775734874,
  "precision_per_class": {
    "Normal": 0.6766091051805337,
    "Depression": 0.7009174311926606,
    "Autism": 0.6350931677018633,
    "Anxiety": 0.748062015503876,
    "PTSD": 0.7531760435571688,
    "Addiction": 0.7572463768115942,
    "Alcoholism": 0.8288288288288288
  },
  "recall_per_class": {
    "Normal": 0.7548161120840631,
    "Depression": 0.6690017513134852,
    "Autism": 0.7162872154115587,
    "Anxiety": 0.6748251748251748,
    "PTSD": 0.7255244755244755,
    "Addiction": 0.7320490367775832,
    "Alcoholism": 0.8041958041958042
  },
  "f1_per_class": {
    "Normal": 0.7135761589403974,
    "Depression": 0.6845878136200717,
    "Autism": 0.6732510288065844,
    "Anxiety": 0.7095588235294118,
    "PTSD": 0.7390917186108638,
    "Addiction": 0.7444345503116652,
    "Alcoholism": 0.8163265306122449
  },
  "confusion_matrix": [
    [
      431,
      19,
      64,
      12,
      14,
      21,
      10
    ],
    [
      47,
      382,
      33,
      38,
      32,
      34,
      5
    ],
    [
      65,
      25,
      409,
      31,
      25,
      11,
      5
    ],
    [
      25,
      35,
      45,
      386,
      55,
      18,
      8
    ],
    [
      19,
      38,
      46,
      31,
      415,
      15,
      8
    ],
    [
      25,
      31,
      27,
      6,
      5,
      418,
      59
    ],
    [
      25,
      15,
      20,
      12,
      5,
      35,
      460
    ]
  ],
  "classification_report": "              precision    recall  f1-score   support\n\n      Normal       0.68      0.75      0.71       571\n  Depression       0.70      0.67      0.68       571\n      Autism       0.64      0.72      0.67       571\n     Anxiety       0.75      0.67      0.71       572\n        PTSD       0.75      0.73      0.74       572\n   Addiction       0.76      0.73      0.74       571\n  Alcoholism       0.83      0.80      0.82       572\n\n    accuracy                           0.73      4000\n   macro avg       0.73      0.73      0.73      4000\nweighted avg       0.73      0.73      0.73      4000\n"
}