{
  "loss": [
    1.3605712531796437,
    1.0641171670537377,
    0.9674570336751627,
    0.8825866690200774,
    0.7884535457468159,
    0.7141832807539394,
    0.6475132211624481,
    0.6051402895593142,
    0.5690928719981976,
    0.5576091859415434,
    0.6923561613809569,
    0.6859282847600066,
    0.6582210838552015,
    0.6239321460229293,
    0.597084855014013,
    0.5786846370490605,
    0.5607613801479305,
    0.5375900380278802,
    0.5260263199984699,
    0.5173290671046372,
    0.5035955598162059,
    0.49844486529558535,
    0.491617359044816,
    0.48185938045343113,
    0.4766775119584819,
    0.4732885064461528,
    0.4708216234959656,
    0.4710424259880865,
    0.4677906364098184,
    0.46752688927355474,
    0.5577783380519391,
    0.5783917801159946,
    0.5609059299313262,
    0.5514425804158757,
    0.5327036135562344
  ],
  "accuracy": [
    0.5718265590399314,
    0.7285520394313879,
    0.768697764126009,
    0.8117008357739839,
    0.8542753053789557,
    0.8891349382098721,
    0.9171369383527395,
    0.93906707621973,
    0.9537824130295021,
    0.9592113722408744,
    0.8967069076362597,
    0.8967783413100936,
    0.9104221730123581,
    0.9259947139081363,
    0.9387099078505607,
    0.9452103721694407,
    0.9529966426173299,
    0.9639259947139082,
    0.9707836274019572,
    0.9737838417029788,
    0.977855561111508,
    0.9812129437816987,
    0.9847131937995571,
    0.9886420458604186,
    0.9903564540324309,
    0.9915708264876063,
    0.9931423673119508,
    0.99349953568112,
    0.9946424744624616,
    0.99442817344096,
    0.956139724266019,
    0.9455675405386099,
    0.9535681120080006,
    0.9572826630473605,
    0.9663547396242589
  ],
  "val_loss": [
    1.1232626333236695,
    1.0902325067520142,
    1.075064582824707,
    1.0715205936431884,
    1.084593994140625,
    1.1388291540145874,
    1.153205864906311,
    1.1884830780029296,
    1.1870774793624879,
    1.1923770418167114,
    1.2216854820251464,
    1.2256389532089234,
    1.215715838432312,
    1.2245537796020507,
    1.259358522415161,
    1.2642378273010253,
    1.2881223058700562,
    1.3255635957717895,
    1.3123968124389649,
    1.332565414428711,
    1.3319182252883912,
    1.3335854167938233,
    1.34384015750885,
    1.3611356372833252,
    1.361339796066284,
    1.363747875213623,
    1.3701257362365722,
    1.3658314418792725,
    1.3646016502380371,
    1.3675285367965697,
    1.3134445095062255,
    1.3464282636642455,
    1.314379951477051,
    1.3053222341537476,
    1.3449825553894044
  ],
  "val_accuracy": [
    0.707,
    0.714,
    0.714,
    0.7265,
    0.7305,
    0.72,
    0.7205,
    0.7095,
    0.719,
    0.715,
    0.694,
    0.69,
    0.7025,
    0.7,
    0.69,
    0.701,
    0.6945,
    0.695,
    0.6955,
    0.6955,
    0.6975,
    0.7025,
    0.706,
    0.6975,
    0.7045,
    0.7035,
    0.704,
    0.7075,
    0.705,
    0.706,
    0.681,
    0.684,
    0.6905,
    0.6975,
    0.6925
  ]
}